 CREATE TABLE "CHECK"(
"ID" NUMBER NOT NULL PRIMARY KEY,
"DATE" DATE NOT NULL ,
"CHECK_IN" DATE NOT NULL ,
"CHECK_OUT" DATE  NOT NULL , 
"CLIENT_ID" NUMBER NOT NULL ,
"ROOM_ID" NUMBER NOT NULL
);

CREATE  TABLE "CLIENT"(
"ID" NUMBER NOT NULL PRIMARY KEY,
"NAME" CHAR(40) NOT NULL ,
"PASSPORT" NUMBER(8, 0) NOT NULL ,
"PHONE_NUMBER" NUMBER(10, 0) NOT NULL  
);

CREATE TABLE "ROOM"(
"ID" NUMBER NOT NULL PRIMARY KEY,
"PRICE" NUMBER NOT  NULL ,
"CAPACITY" NUMBER NOT NULL ,
"COMFORT" CHAR(20) NOT NULL 
);

CREATE TABLE "SERVICE"(
"ID" NUMBER NOT NULL PRIMARY KEY,
"NAME" CHAR(30) NOT NULL ,
"PRICE" NUMBER NOT NULL  
 );
 
 CREATE TABLE "SERVICE_CHECK"(
 "ID" NUMBER NOT NULL PRIMARY KEY,
 "SERVICE_ID" NUMBER NOT NULL ,
 "CHECK_ID" NUMBER NOT NULL
 );
 
 ALTER TABLE "CHECK" ADD CONSTRAINT CHECK_FK0 FOREIGN KEY (CLIENT_ID) REFERENCES "CLIENT"(ID);
 ALTER TABLE "CHECK" ADD CONSTRAINT CHECK_FK1 FOREIGN KEY (ROOM_ID) REFERENCES "ROOM"(ID);
 ALTER TABLE "SERVICE_CHECK" ADD CONSTRAINT SERVICE_CHECK_FK0 FOREIGN KEY (SERVICE_ID) REFERENCES "SERVICE"(ID);
 ALTER TABLE "SERVICE_CHECK" ADD CONSTRAINT SERVICE_CHECK_FK1 FOREIGN KEY (CHECK_ID) REFERENCES "CHECK"(ID);
 
 INSERT INTO "CLIENT"
VALUES (1, 'Jake Peralta', 123456, 1234567890);
INSERT INTO "CLIENT"
VALUES (2, 'Nicola Tesla', 123457, 1234567891);
INSERT INTO "CLIENT"
VALUES (3, 'Chris Evans', 123458, 1234567892);
INSERT INTO "CLIENT"
VALUES (4, 'Tirion Lannister', 123459, 1234567893);
INSERT INTO "CLIENT"
VALUES (5, 'Semuel Jackson', 123450, 1234567894);
INSERT INTO "CLIENT"
VALUES (6, 'Rick Bradly', 123451, 1234567895);
INSERT INTO "CLIENT"
VALUES (7, 'Rosa Diaz', 123452, 1234567896);
INSERT INTO "CLIENT"
VALUES (8, 'Harold Patcher', 120052, 1234987896);

INSERT INTO ROOM
VALUES (1, 150, 1, 'low');
INSERT INTO ROOM
VALUES (2, 250, 2, 'low');
INSERT INTO ROOM
VALUES (3, 350, 1, 'medium');
INSERT INTO ROOM
VALUES (4, 450, 2, 'medium');
INSERT INTO ROOM
VALUES (5, 700, 1, 'high');
INSERT INTO ROOM
VALUES (6, 1000, 2, 'high');
INSERT INTO ROOM
VALUES (7, 1500, 2, 'luxury');
INSERT INTO ROOM
VALUES (8, 5000, 10, 'party');

INSERT INTO "SERVICE"
VALUES(1, 'massage', 150);
INSERT INTO "SERVICE"
VALUES(2, 'spa', 250);
INSERT INTO "SERVICE"
VALUES(3, 'bar', 50);
INSERT INTO "SERVICE"
VALUES(4, 'tennis', 30);
INSERT INTO "SERVICE"
VALUES(5, 'bowling', 25);
INSERT INTO "SERVICE"
VALUES(6, 'gym', 10);

INSERT INTO "CHECK"
VALUES(1, TO_DATE('01-01-18', 'MM-DD-YY'), TO_DATE('01-01-18', 'MM-DD-YY'), TO_DATE('01-10-18', 'MM-DD-YY'), 1, 1);
INSERT INTO "CHECK"
VALUES(2, TO_DATE('01-01-18', 'MM-DD-YY'), TO_DATE('01-03-18', 'MM-DD-YY'), TO_DATE('01-13-18', 'MM-DD-YY'), 2, 2);
INSERT INTO "CHECK"
VALUES(3, TO_DATE('01-28-18', 'MM-DD-YY'), TO_DATE('02-11-18', 'MM-DD-YY'), TO_DATE('02-21-18', 'MM-DD-YY'), 3, 1);
INSERT INTO "CHECK"
VALUES(4, TO_DATE('03-26-18', 'MM-DD-YY'), TO_DATE('03-29-18', 'MM-DD-YY'), TO_DATE('04-02-18', 'MM-DD-YY'), 4, 3);
INSERT INTO "CHECK"
VALUES(5, TO_DATE('04-01-18', 'MM-DD-YY'), TO_DATE('04-06-18', 'MM-DD-YY'), TO_DATE('04-08-18', 'MM-DD-YY'), 5, 7);
INSERT INTO "CHECK"
VALUES(6, TO_DATE('04-01-18', 'MM-DD-YY'), TO_DATE('04-01-18', 'MM-DD-YY'), TO_DATE('04-10-18', 'MM-DD-YY'), 6, 4);
INSERT INTO "CHECK"
VALUES(7, TO_DATE('07-30-18', 'MM-DD-YY'), TO_DATE('08-08-18', 'MM-DD-YY'), TO_DATE('08-18-18', 'MM-DD-YY'), 7, 2);

INSERT INTO SERVICE_CHECK
VALUES(1, 1, 1);
INSERT INTO SERVICE_CHECK
VALUES(2, 2, 1);
INSERT INTO SERVICE_CHECK
VALUES(3, 4, 1);
INSERT INTO SERVICE_CHECK
VALUES(4, 3, 2);
INSERT INTO SERVICE_CHECK
VALUES(5, 1, 3);
INSERT INTO SERVICE_CHECK
VALUES(6, 5, 3);
INSERT INTO SERVICE_CHECK
VALUES(7, 6, 4);
INSERT INTO SERVICE_CHECK
VALUES(8, 3, 5);
INSERT INTO SERVICE_CHECK
VALUES(9, 4, 5);
INSERT INTO SERVICE_CHECK
VALUES(10, 6, 5);