CREATE TABLE "CHECK_"(
"ID" NUMBER NOT NULL ENABLE,
"DATE" DATE NOT NULL DISABLE,
"CHECK_IN" DATE NOT NULL DISABLE,
"CHECK_OUT" DATE  NOT NULL DISABLE, 
"CLIENT_ID" NUMBER NOT NULL DISABLE,
"ROOM_ID" NUMBER NOT NULL DISABLE,
CONSTRAINT "CHECK__PK" PRIMARY KEY ("ID") ENABLE
);

CREATE  TABLE "CLIENT_"(
"ID" NUMBER NOT NULL ENABLE,
"NAME" CHAR(40) NOT NULL ENABLE,
"PASSPORT" NUMBER(8, 0) NOT NULL ENABLE,
"PHONE_NUMBER" NUMBER(10, 0) NOT NULL ENABLE,
CONSTRAINT "CLIENT__PK" PRIMARY KEY ("ID") ENABLE
);

CREATE TABLE "ROOM_"(
"ID" NUMBER NOT NULL ENABLE,
"PRICE" NUMBER NOT  NULL ENABLE,
"CAPACITY" NUMBER NOT NULL ENABLE,
"COMFORT" CHAR(20) NOT NULL ENABLE,
CONSTRAINT "ROOM__PK" PRIMARY KEY ("ID") ENABLE
);

CREATE TABLE "SERVICE_"(
"ID" NUMBER NOT NULL ENABLE,
"NAME" CHAR(30) NOT NULL ENABLE,
"PRICE" NUMBER NOT NULL ENABLE,
 CONSTRAINT "SERVICE__PK" PRIMARY KEY ("ID") ENABLE
 );
 
 CREATE TABLE "SERVICE_CHECK_"(
 "ID" NUMBER NOT NULL ENABLE,
 "SERVICE_ID" NUMBER NOT NULL ENABLE,
 "CHECK_ID" NUMBER NOT NULL ENABLE,
 CONSTRAINT "SERVICE_CHECK__PK" PRIMARY KEY ("ID") ENABLE
 );
 
 ALTER TABLE "CHECK_" ADD CONSTRAINT CHECK__FK0 FOREIGN KEY (CLIENT_ID) REFERENCES "CLIENT_"(ID);
 ALTER TABLE "CHECK_" ADD CONSTRAINT CHECK__FK1 FOREIGN KEY (ROOM_ID) REFERENCES "ROOM_"(ID);
 ALTER TABLE "SERVICE_CHECK_" ADD CONSTRAINT SERVICE_CHECK__FK0 FOREIGN KEY (SERVICE_ID) REFERENCES "SERVICE_"(ID);
 ALTER TABLE "SERVICE_CHECK_" ADD CONSTRAINT SERVICE_CHECK__FK1 FOREIGN KEY (CHECK_ID) REFERENCES "CHECK_"(ID);
 
 CREATE TABLE "CHECK"(
"ID" NUMBER NOT NULL ENABLE,
"DATE" DATE NOT NULL ENABLE,
"CHECK_IN" DATE NOT NULL ENABLE,
"CHECK_OUT" DATE  NOT NULL ENABLE, 
"CLIENT_ID" NUMBER NOT NULL ENABLE,
"ROOM_ID" NUMBER NOT NULL ENABLE,
CONSTRAINT "CHECK_PK" PRIMARY KEY ("ID") ENABLE
);

CREATE  TABLE "CLIENT"(
"ID" NUMBER NOT NULL ENABLE,
"NAME" CHAR(40) NOT NULL ENABLE,
"PASSPORT" NUMBER(8, 0) NOT NULL ENABLE,
"PHONE_NUMBER" NUMBER(10, 0) NOT NULL ENABLE,
CONSTRAINT "CLIENT_PK" PRIMARY KEY ("ID") ENABLE
);

CREATE TABLE "ROOM"(
"ID" NUMBER NOT NULL ENABLE,
"PRICE" NUMBER NOT  NULL ENABLE,
"CAPACITY" NUMBER NOT NULL ENABLE,
"COMFORT" CHAR(20) NOT NULL ENABLE,
CONSTRAINT "ROOM_PK" PRIMARY KEY ("ID") ENABLE
);

CREATE TABLE "SERVICE"(
"ID" NUMBER NOT NULL ENABLE,
"NAME" CHAR(30) NOT NULL ENABLE,
"PRICE" NUMBER NOT NULL ENABLE,
 CONSTRAINT "SERVICE_PK" PRIMARY KEY ("ID") ENABLE
 );
 
 CREATE TABLE "SERVICE_CHECK"(
 "ID" NUMBER NOT NULL ENABLE,
 "SERVICE_ID" NUMBER NOT NULL ENABLE,
 "CHECK_ID" NUMBER NOT NULL ENABLE,
 CONSTRAINT "SERVICE_CHECK_PK" PRIMARY KEY ("ID") ENABLE
 );
 
 ALTER TABLE "CHECK" ADD CONSTRAINT CHECK_FK0 FOREIGN KEY (CLIENT_ID) REFERENCES "CLIENT"(ID);
 ALTER TABLE "CHECK" ADD CONSTRAINT CHECK_FK1 FOREIGN KEY (ROOM_ID) REFERENCES "ROOM"(ID);
 ALTER TABLE "SERVICE_CHECK" ADD CONSTRAINT SERVICE_CHECK_FK0 FOREIGN KEY (SERVICE_ID) REFERENCES "SERVICE"(ID);
 ALTER TABLE "SERVICE_CHECK" ADD CONSTRAINT SERVICE_CHECK_FK1 FOREIGN KEY (CHECK_ID) REFERENCES "CHECK"(ID);
 
 INSERT INTO "CLIENT"
VALUES (1, 'Jake Peralta', 123456, 1234567890);
INSERT INTO "CLIENT"
VALUES (2, 'Nicola Tesla', 123457, 1234567891);
INSERT INTO "CLIENT"
VALUES (3, 'Chris Evans', 123458, 1234567892);
INSERT INTO "CLIENT"
VALUES (4, 'Tirion Lannister', 123459, 1234567893);
INSERT INTO "CLIENT"
VALUES (5, 'Semuel Jackson', 123450, 1234567894);
INSERT INTO "CLIENT"
VALUES (6, 'Rick Bradly', 123451, 1234567895);
INSERT INTO "CLIENT"
VALUES (7, 'Rosa Diaz', 123452, 1234567896);
INSERT INTO "CLIENT"
VALUES (8, 'Harold Patcher', 120052, 1234987896);

INSERT INTO CLIENT_
VALUES (1, 'Jake Peralta', 123456, 1234567890);
INSERT INTO CLIENT_
VALUES (2, 'Nicola Tesla', 123457, 1234567891);
INSERT INTO CLIENT_
VALUES (3, 'Chris Evans', 123458, 1234567892);
INSERT INTO CLIENT_
VALUES (4, 'Tirion Lannister', 123459, 1234567893);
INSERT INTO CLIENT_
VALUES (5, 'Semuel Jackson', 123450, 1234567894);
INSERT INTO CLIENT_
VALUES (6, 'Rick Bradly', 123451, 1234567895);
INSERT INTO CLIENT_
VALUES (7, 'Rosa Diaz', 123452, 1234567896);

INSERT INTO ROOM
VALUES (1, 150, 1, 'low');
INSERT INTO ROOM
VALUES (2, 250, 2, 'low');
INSERT INTO ROOM
VALUES (3, 350, 1, 'medium');
INSERT INTO ROOM
VALUES (4, 450, 2, 'medium');
INSERT INTO ROOM
VALUES (5, 700, 1, 'high');
INSERT INTO ROOM
VALUES (6, 1000, 2, 'high');
INSERT INTO ROOM
VALUES (7, 1500, 2, 'luxury');
INSERT INTO ROOM
VALUES (8, 5000, 10, 'party');

INSERT INTO ROOM_
VALUES (1, 150, 1, 'low');
INSERT INTO ROOM_
VALUES (2, 250, 2, 'low');
INSERT INTO ROOM_
VALUES (3, 350, 1, 'medium');
INSERT INTO ROOM_
VALUES (4, 450, 2, 'medium');
INSERT INTO ROOM_
VALUES (5, 700, 1, 'high');
INSERT INTO ROOM_
VALUES (6, 1000, 2, 'high');
INSERT INTO ROOM_
VALUES (7, 1500, 2, 'luxury');
INSERT INTO ROOM_
VALUES (8, 5000, 10, 'party');

INSERT INTO "SERVICE"
VALUES(1, 'massage', 150);
INSERT INTO "SERVICE"
VALUES(2, 'spa', 250);
INSERT INTO "SERVICE"
VALUES(3, 'bar', 50);
INSERT INTO "SERVICE"
VALUES(4, 'tennis', 30);
INSERT INTO "SERVICE"
VALUES(5, 'bowling', 25);
INSERT INTO "SERVICE"
VALUES(6, 'gym', 10);

INSERT INTO SERVICE_
VALUES(1, 'massage', 150);
INSERT INTO SERVICE_
VALUES(2, 'spa', 250);
INSERT INTO SERVICE_
VALUES(3, 'bar', 50);
INSERT INTO SERVICE_
VALUES(4, 'tennis', 30);
INSERT INTO SERVICE_
VALUES(5, 'bowling', 25);
INSERT INTO SERVICE_
VALUES(6, 'gym', 10);

INSERT INTO "CHECK"
VALUES(1, TO_DATE('01-01-18','DD-MM-YY'), TO_DATE('01-01-18','DD-MM-YY'), TO_DATE('10-01-18','DD-MM-YY'), 1, 1);
INSERT INTO "CHECK"
VALUES(2, TO_DATE('01-01-18','DD-MM-YY'), TO_DATE('03-01-18','DD-MM-YY'), TO_DATE('13-01-18','DD-MM-YY'), 2, 2);
INSERT INTO "CHECK"
VALUES(3, TO_DATE('28-01-18','DD-MM-YY'), TO_DATE('11-02-18','DD-MM-YY'), TO_DATE('21-02-18','DD-MM-YY'), 3, 1);
INSERT INTO "CHECK"
VALUES(4, TO_DATE('26-03-18','DD-MM-YY'), TO_DATE('29-03-18','DD-MM-YY'), TO_DATE('02-04-18','DD-MM-YY'), 4, 3);
INSERT INTO "CHECK"
VALUES(5, TO_DATE('01-04-18','DD-MM-YY'), TO_DATE('06-04-18','DD-MM-YY'), TO_DATE('08-04-18','DD-MM-YY'), 5, 7);
INSERT INTO "CHECK"
VALUES(6, TO_DATE('01-04-18','DD-MM-YY'), TO_DATE('01-04-18','DD-MM-YY'), TO_DATE('10-04-18','DD-MM-YY'), 6, 4);
INSERT INTO "CHECK"
VALUES(7, TO_DATE('30-07-18','DD-MM-YY'), TO_DATE('08-08-18','DD-MM-YY'), TO_DATE('18-08-18','DD-MM-YY'), 7, 2);

INSERT INTO "CHECK_"
VALUES(1, TO_DATE('01-01-18','DD-MM-YY'), TO_DATE('01-01-18','DD-MM-YY'), TO_DATE('10-01-18','DD-MM-YY'), 1, 1);
INSERT INTO "CHECK_"
VALUES(2, TO_DATE('01-01-18','DD-MM-YY'), TO_DATE('03-01-18','DD-MM-YY'), TO_DATE('13-01-18','DD-MM-YY'), 2, 2);
INSERT INTO "CHECK_"
VALUES(3, TO_DATE('28-01-18','DD-MM-YY'), TO_DATE('11-02-18','DD-MM-YY'), TO_DATE('21-02-18','DD-MM-YY'), 3, 1);
INSERT INTO "CHECK_"
VALUES(4, NULL, TO_DATE('29-03-18','DD-MM-YY'), TO_DATE('02-04-18','DD-MM-YY'), 4, 3);
INSERT INTO "CHECK_"
VALUES(5, TO_DATE('01-04-18','DD-MM-YY'), TO_DATE('06-04-18','DD-MM-YY'), TO_DATE('08-04-18','DD-MM-YY'), 5, 7);
INSERT INTO "CHECK_"
VALUES(6, TO_DATE('01-04-18','DD-MM-YY'), TO_DATE('01-04-18','DD-MM-YY'), TO_DATE('10-04-18','DD-MM-YY'), 6, 4);
INSERT INTO "CHECK_"
VALUES(7, TO_DATE('30-07-18','DD-MM-YY'), TO_DATE('08-08-18','DD-MM-YY'), TO_DATE('18-08-18','DD-MM-YY'), 7, 2);

INSERT INTO SERVICE_CHECK
VALUES(1, 1, 1);
INSERT INTO SERVICE_CHECK
VALUES(2, 2, 1);
INSERT INTO SERVICE_CHECK
VALUES(3, 4, 1);
INSERT INTO SERVICE_CHECK
VALUES(4, 3, 2);
INSERT INTO SERVICE_CHECK
VALUES(5, 1, 3);
INSERT INTO SERVICE_CHECK
VALUES(6, 5, 3);
INSERT INTO SERVICE_CHECK
VALUES(7, 6, 4);
INSERT INTO SERVICE_CHECK
VALUES(8, 3, 5);
INSERT INTO SERVICE_CHECK
VALUES(9, 4, 5);
INSERT INTO SERVICE_CHECK
VALUES(10, 6, 5);

INSERT INTO SERVICE_CHECK_
VALUES(1, 1, 1);
INSERT INTO SERVICE_CHECK_
VALUES(2, 2, 1);
INSERT INTO SERVICE_CHECK_
VALUES(3, 4, 1);
INSERT INTO SERVICE_CHECK_
VALUES(4, 3, 2);
INSERT INTO SERVICE_CHECK_
VALUES(5, 1, 3);
INSERT INTO SERVICE_CHECK_
VALUES(6, 5, 3);
INSERT INTO SERVICE_CHECK_
VALUES(7, 6, 4);
INSERT INTO SERVICE_CHECK_
VALUES(8, 3, 5);
INSERT INTO SERVICE_CHECK_
VALUES(9, 4, 5);
INSERT INTO SERVICE_CHECK_
VALUES(10, 6, 5);

CREATE TABLE "PENTHOUSE"(
"ID" NUMBER NOT NULL ENABLE,
"PRICE" NUMBER NOT  NULL ENABLE,
"CAPACITY" NUMBER NOT NULL ENABLE,
CONSTRAINT "PENTHOUSE_PK" PRIMARY KEY ("ID") ENABLE
);

INSERT INTO PENTHOUSE
VALUES (100, 10000, 2);
INSERT INTO PENTHOUSE
VALUES (200, 15000, 4);
INSERT INTO PENTHOUSE
VALUES (300, 50000, 20);